graduateType,codeName,schoolRanking,medicalDegree,step1ScorePass,step1Score,step2Score,comlex1ScorePass,comlex2Score,step3Score,step2CSPathway,redFlags,redFlagsExplanation,aoa,sigmaSigmaPhi,goldHumanism,numPublications,numWorkExperiences,numVolunteerExperiences,classRank,otherDegrees,yearOfGraduation,monthsOfUSCE,ecfmgCertified,visaRequired,location,numApplications,numInterviews,numWithdrawn,numRejected,numWaitlisted
US,ShoheiOhtani,top20,US MD,Pass,,260,,,,,No,,No,,No,5,3,3,top10,,,,,,,30,18,,7,1
US,BlueberryCookies89,unranked,US DO,,,,Pass,520,,,No,,No,No,No,1,2,4,bottom50,,,,,,"south Atlantic, east south central, west south central",82,28,14,2,0
US,BG,unranked,US DO,Pass,,259,Pass,690,,,No,,No,Yes,No,20,4,4,top10,PharmD,,,,,,80,18,3,,
US,randommedstudent24,unranked,US DO,,,,Pass,501,,,Yes,,,No,No,0,3,8,bottom50,MS,,,,,"Middle Atlantic, South Atlantic",31,10,,,
US,egg,top50,US MD,Pass,,261,,,,,No,,No,,No,6,1,6,top10,,,,,,"New England, Middle Atlantic, East North Central",43,16,,7,2
US,k878,top20,US MD,Pass,,262,,,,,No,,,,No,7,1,3,,,,,,,"New England
South Atlantic
Middle Atlantic",20,7,,,
US,dxdude24,low,US MD,Pass,,262,,,,,No,,No,,No,8,1,3,top50,,,,,,"New England
South Atlantic
Middle Atlantic",50,18,1,15,1
US,Winston,top20,US MD,Pass,,270,,,,,No,,Yes,,No,3,1,2,top25,,,,,,,55,26,5,,
US,Vyzzle,low,US MD,Pass,,270,,,,,No,,Yes,,Yes,11,3,7,top25,MS,,,,,Mid-tier+ academic in the Northeast/Mid Atlantic,40,20,,,
US,,unranked,US DO,Pass,,250,Pass,560,,,No,,No,No,No,0,3,3,bottom50,,,,,,CA,40,0,,,
US,Osprey,top20,US MD,Pass,,274,,,,,No,,,,,16,1,3,,,,,,,,14,8,,,
US,extraguy,unranked,US MD,Pass,,259,,,,,No,,No,,No,3,1,3,top50,,,,,,,25,0,,,
US,ninjagiraffe,unranked,US MD,Pass,,260,,,,,No,,No,,No,3,,,,,,,,,,25,0,,,
US,Peter Parker,top20,US MD,Pass,,263,,,,,No,,No,,,6,4,2,top10,,,,,,,30,0,,,
US,Dak Prescott,top20,US MD,Pass,,262,,,,,No,,No,No,Yes,7,4,4,bottom50,,,,,,,27,0,,,
US,jerry897,top50,US MD,Pass,,274,,,,,No,,Yes,No,No,11,1,3,top10,,,,,,,30,19,,,
US,avrgstudnt,unranked,US MD,Pass,,236,,,,,Yes,failed step 1 on first attempt,No,No,No,8,3,7,bottom50,JD,,,,,None,85,6,1,8,1
US,alsoavgstudnt,unranked,US MD,Pass,,235,,,,,No,,No,No,No,8,1,6,,,,,,,TX,50,1,,,
US,SandwichGuy,top50,US MD,Pass,,250,,,,,Yes,bad photo,No,No,No,5,2,1,bottom50,MPH,,,,,,52,2,0,0,0
US,oldmanstan,mid,US MD,,249,251,,,,,Yes,,No,,No,15,6,9,top50,,,,,,Mid Atlantic,44,11,,1,1
US,peanut,low,US MD,Pass,,263,,,,,No,,No,,No,8,4,4,,,,,,,,36,16,,,
US,Splash,unranked,US DO,Pass,,262,,699,,,No,,Yes,Yes,,20,2,3,top10,,,,,,,85,0,,,
US,bruh,mid,US MD,Pass,,256,,,,,no,,no,,no,11,3,3,,,,,,,,36,5,,,
US,nyancat,low,US MD,,218,234,,,,,yes,,no,na,no,21,1,2,bottom50,,,,,,,171,27,0,,
US,garrus,low,US MD,Pass,,265,,,,,no,,no,,no,5,2,3,,,,,,,,38,13,,1,1
US,coffee,unranked,US MD,Pass,,266,,,,,No,,Yes,,No,32,2,5,,,,,,,,30,15,,2,
US,nugget,top20,US MD,,267,233,,,,,No,,,,No,10,3,4,,,,,,,,24,13,,,
US,mimi,top20,US DO,Pass,,254,Pass,614,,,No,,Yes,Yes,No,5,3,2,,,,,,,,35,0,,,
US,adalimumab,top50,US MD,,253,260,,,,,,,No,,Yes,,,,bottom50,,,,,,,60,0,,,
US,pandakupo,,US DO,Pass,,236,Pass,571,,,No,,,Yes,,10,6,5,,MPH,,,,,"west south central, west north central, middle atlantic",83,12,5,,
US,sleepycat,low,US MD,Pass,,241,,,,,No,,Yes,,Yes,20,4,6,top50,,,,,,,50,0,,,
US,401k,low,US MD,Pass,,231,,,,,No,,No,,Yes,21,2,1,top50,,,,,,"new england, middle atlantic, east north central",65,18,3,15,1
US,nope,unranked,US MD,Pass,,257,,,,,No,,Yes,,Yes,3,5,5,top10,,,,,,"Midwest, South, east north central",83,26,1,18,2
US,yeehaw918,unranked,US DO,,,231,Pass,700,,,No,,,Yes,Yes,5,,,top10,,,,,,,46,0,,,
US,yeeeeet,,US MD,Pass,,254,,,,,No,,No,,No,15,3,,,,,,,,,58,17,,,
US,pepesilvia,unranked,US MD,Pass,,260,,,,,No,,No,,No,10,4,5,top10,,,,,,,49,11,,14,1
US,hoogly,mid,US MD,Pass,,268,,,,,No,,No,,No,7,1,4,top10,,,,,,"Midwest, Atlantic, SW",41,25,,,
US,Deebo,top20,US MD,,,261,,,,,Yes,,,,No,30,5,5,,,,,,,"Mid-Atlantic, West Coast, Eastern Midwest",50,11,,8,
US,schisto,top20,US MD,Pass,,279,,,,,No,,Yes,,Yes,11,,,top25,,,,,,,25,16,3,3,
US,SmallGai,low,US MD,Pass,,265,,,,,No,,Yes,,No,13,3,4,top25,,,,,,,40,12,,,
US,hofstra,mid,US MD,Pass,,219,,,,,No,,No,,No,0,2,1,top50,,,,,,,28,0,,,
US,otherman,top20,US MD,Pass,,226,,,,,No,,No,,No,0,2,3,bottom50,,,,,,,25,0,,,
US,leptosprio,mid,US MD,Pass,,231,,,,,Yes,,No,,No,0,5,2,bottom50,,,,,,,33,0,,,
US,underwatch1,mid,US MD,,259,264,,,,,No,,No,,No,8,2,4,top25,,,,,,,70,0,,,
US,pb&j,top20,US MD,Pass,,274,,,,,No,,,,No,17,2,4,top10,,,,,,,26,12,,4,1
US,Phlyingphlegmon,low,US MD,Pass,,259,,,,,No,,No,,No,11,1,5,top50,,,,,,,67,18,,,
US,unknown,unranked,US MD,Pass,,237,,,,,No,,No,,No,0,25,15,top50,,,,,,"south atlantic, E N central",12,5,,,
US,Pengu,top20,US MD,Pass,,272,,,,,No,,,,No,10,1,5,,,,,,,,25,17,,,
US,silvershark,unranked,US MD,Pass,,261,,,,,No,,No,No,No,8,0,3,top50,,,,,,Southern California,35,13,1,,
US,Robert,top20,US MD,Pass,,265,,,,,No,,,,,19,1,2,top10,PhD,,,,,,20,13,0,3,
US,SeaHusky,mid,US MD,Pass,,265,,,,,No,,Yes,,No,10,1,6,top25,,,,,,"West Coast, Midwest, East Coast",51,12,0,18,1
US,guerilla,top20,US MD,Pass,,262,,,,,No,,No,,No,6,0,5,bottom50,,,,,,"pacific, E N central, midatlantic",37,21,11,4,
US,Pomegranatefisher,low,US MD,Pass,,247,,,,,No,,No,,No,2,2,4,top25,,,,,,,40,21,5,1,
US,invecter,mid,US MD,Pass,,245,,,,,No,,No,,No,4,2,6,top50,,,,,,South Atlantic,45,0,,,
US,OddOtter,low,US MD,Pass,,268,,,,,No,,Yes,,No,8,0,7,top10,,,,,,Midwest,58,0,,,
US,yarnKat,mid,US MD,Pass,,248,,,,,No,,No,,Yes,11,3,6,bottom50,,,,,,"West coast, midwest",46,18,0,3,1
US,mojojojo,top20,US MD,Pass,,256,,,,,No,,,,Yes,3,4,8,,,,,,,,23,18,4,2,
US,someredhead,mid,US MD,Pass,,269,,,,,No,,No,,No,5,3,3,top10,,,,,,,28,0,,,
US,fakename69420,unranked,US MD,Pass,,269,,,,,No,,,,Yes,7,2,4,top25,,,,,,"New England, Philly, NYC",29,19,3,,1
US,anon,mid,US MD,Pass,,265,,,,,No,,No,,No,3,1,3,top25,,,,,,,30,0,,,
US,SunnyYeetus,mid,US MD,Pass,,275,,,,,No,,No,,No,4,1,3,top25,,,,,,,57,19,3,0,
US,hubert703,top20,US MD,Pass,,271,,,,,No,,No,,Yes,9,10,5,top25,,,,,,"Mid Atlantic (north and south), New England",36,22,,,
US,anon96,unranked,US MD,Pass,,268,,,,,No,,Yes,,No,10,1,3,top25,,,,,,"Pacific, West south central, east north central",41,19,2,4,1
US,Zobo1357,unranked,US DO,Pass,,252,Pass,641,,,No,,,Yes,,3,5,4,top25,,,,,,,43,0,,,
US,dauby,low,US MD,Pass,,270,,,,,No,,Yes,,Yes,10,2,9,top25,,,,,,"Pacific, Middle Atlantic, East North Central",30,15,2,4,
US,zestyraisin,top20,US MD,Pass,,249,,,,,No,,No,No,No,4,2,4,bottom50,,,,,,,40,0,,,
US,avante,top20,US MD,Pass,,231,,,,,No,,No,No,Yes,4,2,4,,,,,,,,32,0,,,
US,hopingim,low,US MD,Pass,,246,,,,,Yes,LOA,No,,No,7,0,2,top10,,,,,,"Mid atlantic, New England, and Central North",41,3,,,
US,fidaxabox,low,US MD,,251,261,,,,,No,,Yes,,No,16,2,3,top25,,,,,,,41,16,1,,
US,Zamboni,mid,US MD,Pass,,230,,,,,No,,No,No,No,3,2,2,,,,,,,,44,19,4,,
US,HVLABrain,low,US DO,Pass,,255,Pass,749,,,No,,No,Yes,No,5,0,2,top25,,,,,,"Pacific, mid-Atlantic, new england",150,40,7,,
US,kolebl,unranked,US DO,Pass,,,Pass,480,,,No,,No,No,No,5,2,3,top50,MS,,,,,"Mid atlantic, south atlantic, new england (mix of academic/affiliated/community)",50,16,0,3,0
US,afc,unranked,US MD,Pass,,259,,,,,No,,Yes,,No,44,0,5,top10,MPhilPH,,,,,"Pacific, Middle Atlantic, New England",57,25,1,3,1
US,ranger,low,US MD,Pass,,245,,,,,No,,No,,No,12,3,3,top50,,,,,,,36,0,,,
US,maro5,mid,US MD,Pass,,236,,,,,No,,No,,No,15,2,4,top50,,,,,,,72,6,,,
US,bpluvr,mid,US MD,Pass,,253,,,,,No,,,,Yes,16,1,3,top25,,,,,,,27,0,,,
US,iabonne,unranked,US MD,Pass,,267,,,,,No,,Yes,,No,5,4,4,top25,,,,,,"Mid Atlantic, New England, South Atlantic",48,8,,1,
US,sh221b,unranked,US MD,Pass,,239,,,,,No,,No,No,No,2,0,4,,,,,,,SoCal,64,1,,,
US,bambino,top20,US MD,Pass,,250,,,,,No,,,,No,35,3,3,,,,,,,"new england, mid atlantic, pacific",30,16,,4,2
US,Mr. Clean,low,US DO,Pass,,265,Pass,685,,,No,,,Yes,No,6,0,3,top25,,,,,,,49,0,,,
US,variSeal,unranked,US DO,Pass,,270,Pass,625,,,No,,,Yes,yes,4,1,6,top10,,,,,,,70,14,,,
US,downeast3,unranked,US DO,Pass,,256,Pass,800,,,No,,,Yes,No,8,1,8,top10,,,,,,"Mid/south atlantic, new england",55,20,,3,
US,SirSupreme,,US DO,Pass,,262,Pass,643,,,No,,,yes,no,7,2,2,top50,MBA,,,,,"South atlantic, west north central, west south central",63,2,,,
US,CoffeeCat,mid,US MD,Pass,,273,,,,,No,,Yes,,No,13,3,3,,,,,,,,44,17,1,9,2
US,Illest,unranked,US DO,Pass,,255,Pass,622,,,No,,Yes,No,No,2,1,9,top10,,,,,,,60,,,,
US,Itchy,mid,US MD,Pass,,261,,,,,No,,Yes,No,No,7,1,7,top10,,,,,,"Mid/South Atlantic, West South Central",36,13,,,1
US,DarcieBronte (respelled lol),unranked,US DO,,,,Pass,510,,,No,,Yes,,,1,3,3,top25,,,,,,"Interview from 5 academics, couple affiliated, and community. Applied community+academic low-mid-tiers. Update: IVs from east coast finally-could not signal eventhough regretted not doing afterwards. Signaled. Pacific, Mountain, South Atlantic (wish I did central-major regrets. Next year folks, look at spreadsheet carefully and see which region is favorable. Idk how mountain and pacific areas will turn out this year-silence from them.",101,20,,,
US,gonpachiro,mid,US MD,Pass,,262,,,,,No,,no,no,no,1,2,5,,,,,,,"Pacific, Mountain",24,17,3,,
US,iHaveNoFriends,mid,US MD,,210,236,,,,,No,,No,,Yes,40,3,5,,,,,,,"West South Central, East North Central, Pacific West",35,18,,6,
US,melonhead,unranked,US MD,Pass,,247,,,,,No,,No,,No,1,2,4,bottom50,,,,,,Deep South,35,2,,,
US,Mrtimsbachelorparty,unranked,US DO,,,,Pass,500,,,No,,,yes,no,2,3,1,top50,,,,,,"Pacific, mountain, north east central",90,22,2,,
US,Bubs,unranked,US DO,Pass,,244,Pass,628,,,No,,,yes,no,5,3,3,top10,,,,,,"Pacific, mountain, north east central",65,17,5,,
US,Slippy Squatch,mid,US MD,Pass,,260,,,,,No,,No,No,No,1,2,5,top10,,,,,,"middle atlantic, east north central, east south central",39,12,,,
US,007,mid,US DO,,,,Pass,490,,,yes,,,yes,,8,2,8,bottom50,MS,,,,,"east north central, middle atlantic, new england",70,12,,,
US,i_330,mid,US MD,Pass,,243,,,,,No,,No,,No,1,2,3,,,,,,,"South Atlantic, Middle Atlantic",47,2,,,
US,U_axolotl_questions,mid,US MD,Pass,,257,,,,,No,,No,-,No,9,3,5,top50,,,,,,"Boston, NYC, Philly, Chi, DC",35,10,,2,
US,shawtea,mid,US MD,Pass,,263,,,,,No,,No,-,No,20,2,2,bottom50,,,,,,no geo preference,74,17,,26,
US,cupcakes8,low,US MD,Pass,,261,,,,,No,,No,-,No,15,2,2,top50,,,,,,"middle atlantic, east north central, east south central",45,5,,,
US,,mid,US MD,Pass,,252,,,,,No,,Yes,-,Yes,11,2,2,top25,,,,,,,81,4,,,
US,,mid,US MD,Pass,,261,,,,,No,,Yes,-,No,8,1,5,top10,,,,,,"Pacific, NE, Middle Atlantic",53,18,,3,
US,abc,mid,US MD,Pass,,251,,,,,No,,No,-,no,10,2,4,top50,,,,,,"Mid atlantic, NE central, New England; couples match",57,1,,,
US,cc_n_156,unranked,US MD,Pass,,270,,,,,No,,Yes,-,Yes,11,1,2,top25,,,,,,"NE, mid atlantic, south atlantic",69,30,,,
US,illustriouspoet,unranked,US DO,Pass,,,Pass,540,,,Yes,,No,No,No,6,3,6,top25,MS,,,,,"NE, mid atlantic",90,9,,,
US,Allosteopath,unranked,US DO,,,,Pass,710,,,No,,No,No,No,0,3,3,top10,,,,,,"NE Central, Mountain, Pacific",69,21,,,
US,Pumpkin Patch,unranked,US MD,Pass,,231,,,,,No,,No,No,No,15,2,5,,,,,,,"Mid Atlantic, South Atlantic, East North Central",62,9,,,
US,NA,mid,US MD,Pass,,272,,,,,No,,NA,,No,7,0,1,,,,,,,"Pacific, NE, East North Central",28,13,,1,0
US,dietcocaine,unranked,US DO,Pass,,236,Pass,485,,,No,,No,No,No,0,2,5,bottom50,,,,,,"South, Midwest, SE",51,11,0,,
US,PaulieWalnuts,unranked,US DO,,,,Pass,515,,,Yes,no steps,no,no,no,6,2,2,bottom50,M.A.,,,,,"Midwest, NE, South atlantic",62,6,0,,
US,actuallycw,unranked,US MD,Pass,,249,,,,,no,,no,no,no,3,3,4,,,,,,,,127,9,,,
US,k092m591,mid,US MD,,236,261,,,,,no,,no,-,no,49,4,6,,PhD,,,,,NE,43,3,,,
US,match sucks,,,,,,,,,,no,,no,,no,,,,,,,,,,,,,,,
US,hemebonk,mid,US MD,Pass,,269,,,,,No,,No,,No,6,2,1,,,,,,,"NE, East North Central, Pacific",41,28,16,,2
US,MedStud,unranked,US MD,Pass,,253,,,,,No,,No,No,No,1,3,2,,,,,,,Midwest,43,13,,,
US,MAHA,top20,US MD,Pass,,260,,,,,No,,,,,8,1,4,,,,,,,"New England, Mid Atlantic, South Atlantic",9,8,,,
US,SleepyKitty,top20,US MD,,265,275,,,,,no,,no,-,No,18,1,4,top25,PhD,,,,,,24,14,3,3,
US,damlbd,unranked,US MD,Pass,,234,,,,,No,,,,No,7,2,3,bottom50,,,,,,,50,26,11,2,
US,TTYLXOX,low,US MD,Pass,,233,,,,,No,,No,,Yes,7,1,4,bottom50,,,,,,"New England, Mid Atlantic, South Atlantic",52,16,1,3,0
US,princessfiona,unranked,US DO,,,,Pass,480,,,no,,no,no,no,1,4,2,bottom50,,,,,,,100,22,1,,3
US,saus,unranked,US DO,,,,Pass,456,,,no,,yes,no,no,6,2,1,bottom50,,,,,,mid atlantic ONLY,94,6,0,,
US,frenchpotato,unranked,US DO,,,,Pass,454,,,yes,failed 2 classes,no,no,no,2,0,3,bottom50,,,,,,"mid atlantic, south atlantic, east north central",94,15,,,
US,BarBill,mid,US MD,,256,274,,,,,No,,Yes,,Yes,14,3,10,top25,,,,,,,50,34,14,,1
US,Khana,mid,US MD,,,261,,,,,No,,No,,No,4,1,3,top25,,,,,,"Pacific, Mid Atlantic",30,4,,,
US,billburr,unranked,US DO,Pass,,252,Pass,588,,,no,,no,no,Yes,5,3,4,top50,,,,,,no geo,55,12,1,1,
US,herewegoagain,mid,US MD,,236,246,,,,,No,,No,,No,25,2,0,,PhD,,,,,"Pacific, NE, Mid Atlantic",40,10,1,0,
US,garlicman,low,US MD,Pass,,270,,,,,No,,No,,No,7,2,2,top25,,,,,,,41,12,0,8,1
US,thark,mid,US MD,Pass,,244,,,,,No,,No,,No,15,3,4,,,,,,,"NE, mid atlantic, midwest, south atlantic",50,12,0,11,1
US,De,mid,US MD,Pass,,240,,,,,No,,,,,1,1,4,,,,,,,"Mid atlantic, south atlantic, Pacific, mountain, NE",10,6,3,,
US,Kelbel,mid,US MD,Pass,,231,,,,,,,No,,No,15,3,3,top25,,,,,,,32,,,,
US,tresgatos,,US MD,Pass,,269,,,,,No,,Yes,,No,9,2,4,top10,,,,,,,19,14,0,,
US,chewy,mid,US MD,Pass,,239,,,,,No,,No,,No,9,1,3,bottom50,MPH,,,,,,48,10,,6,
US,avatar aang,mid,US MD,Pass,,238,,,,,No,,No,,No,28,2,7,,MSc,,,,,"W South Central, W North Central, E North Central",98,21,0,1,
US,Scrub,mid,US MD,Pass,,225,,,,,No,,No,,No,2,3,4,bottom50,MPH,,,,,CCF,52,6,0,,
US,IM95,low,US MD,Pass,,250,,,,,No,,No,No,No,13,3,8,top50,,,,,,,35,,,,
US,IMREADY,unranked,US MD,Pass,,231,,,,,No,,No,No,No,9,1,1,top50,,,,,,"NE, Mid atlantic",29,14,0,1,
US,abcdefgh,unranked,US DO,,,245,Pass,561,,,No,,No,No,No,0,4,1,,MS,,,,,"Mid atlantic, Pacific, West south central",91,9,0,,
US,lilypad,mid,US MD,Pass,,247,,,,,No,,No,,No,1,0,5,top50,,,,,,"no geo - II from 7/9 regions, all academic",71,12,0,,
US,yammy,mid,US MD,Pass,,252,,,,,No,,Yes,,No,12,2,2,top25,,,,,,"East North Central, Pacific, MIddle Atlantic",45,25,0,5,1
US,star,top50,US MD,Pass,,240,,,,,No,,No,no,no,3,2,5,bottom50,MS,,,,,pacific,22,14,5,2,
US,optic chiasm,mid,US MD,Pass,,256,,,,,No,,No,no,no,2,1,8,top50,,,,,,,41,11,0,2,
US,f,top20,US MD,Pass,,238,,,,,No,,,,no,9,0,5,,,,,,,"pacific, mid atl, south atl",32,15,1,2,
US,Yoyo,low,US MD,Pass,,230,,,,,No,,No,,No,0,4,7,top50,,,,,,"NE, Midatlantic, Pacific, Midwest",65,28,0,4,
US,imkween,unranked,US DO,pass,,258,Pass,669,,,no,,no,no,no,,,,top50,MS,,,,,midwest,30,12,0,0,
US,camnewton,top20,US MD,,260,270,,,,,No,,Yes,,No,15,1,4,top25,,,,,,"NE, Pacific, Mid-Atlantic",12,8,0,0,1
US,Paul69,,US DO,,,,Pass,573,,,No,,No,No,No,1,3,1,bottom50,,,,,,"South atl, mid atl",45,8,0,1,
US,hopefully low,unranked,US DO,Pass,,215,Pass,421,,,no,,no,no,no,7,2,3,bottom50,,,,,,"South atl, mid atl, midwest",69,17,0,2,0
US,TakiLover,mid,US MD,Pass,,270,,,,,No,,Yes,,Yes,9,1,5,top25,,,,,,"NE, East North Central, Pacific",27,21,5,0,0
US,Regina Phalange,unranked,US DO,,,,Pass,526,,,No,,,No,No,2,1,5,bottom50,,,,,,,93,20,0,2,1
US,[:,unranked,US DO,,,,,578,,,Yes,,Yes,No,Yes,14,3,4,bottom50,,,,,,Pacific,39,10,0,,1
US,Quartia,unranked,US MD,Pass,,260,,,,,No,,No,No,No,1,2,4,bottom50,,,,,,"13 Mid-Atl, 3 NE, 1 ENC, 1 WNC",76,18,0,2,1
US,Asa,mid,US MD,Pass,,258,,,,,No,,Yes,,No,5,1,6,top10,,,,,,"EN Central, NE, WS central",35,17,3,2,
US,SadPineapple,unranked,US MD,Pass,,261,,,,,No,,No,No,No,7,0,8,,,,,,,,71,23,1,,
US,GabaFool,unranked,US DO,,,,Pass,515,,,No,,no,no,no,6,2,2,bottom50,MA,,,,,"EN Central, Mid atlantic, South atlantic",72,14,0,6,
US,Otter,top20,US MD,Pass,,260,,,,,No,,Yes,,no,15,2,5,top25,,,,,,"Mid Atlantic, South Atlantic, EN Central",35,18,2,2,0
US,JujuBee,top20,US MD,Pass,,269,,,,,No,,,,Yes,3,2,3,top25,,,,,,"Southwest, Northwest, Midwest",35,24,3,2,1
US,FloridaMan,mid,US MD,,231,237,,,,,No,,No,,No,46,1,6,top50,PhD,,,,,"NE, Mid-Atlantic, South Atlantic",73,19,0,10,
US,Scoopdywoop,unranked,US MD,Pass,,220,,,,,Yes,,,,,0,4,5,bottom50,,,,,,Mid-atlantic,85,10,0,14,
US,Parthenium,unranked,US DO,,,253,Pass,559,,,No,,,,No,7,3,3,bottom50,,,,,,"South Atlantic, East South Central",53,11,0,5,
US,Dinosaur,mid,US MD,Pass,,240,,,,,No,,no,no,no,3,2,5,bottom50,,,,,,"Moutain West, Pacific West, NE",54,30,3,3,1
US,bedr8ck,unranked,US MD,Pass,,265,,,,,No,,No,,No,4,1,3,top10,MBA,,,,,South and Mid Atlantic,30,12,1,10,
US,drip,mid,US MD,Pass,,250,,,,,No,,No,No,Yes,8,2,4,top50,,,,,,"New England, Mid Atlantic, South East",24,17,3,2,
US,iloveseagulls,mid,US MD,Pass,,250,,,,,No,,Yes,,Yes,20,4,1,top25,,,,,,,48,19,1,,
US,rosie,unranked,US DO,Pass,,,Pass,669,,,No,,No,No,No,11,2,1,top50,,,,,,"Michigan, Ohio",29,18,2,0,
US,hro36092,mid,US MD,Pass,,264,,,,,No,,yes,,yes,2,1,3,top10,,,,,,,39,29,6,4,
US,Seltzerwater,low,US MD,,227,251,,,,,No,,Yes,,Yes,41,1,5,top25,MBA,,,,,,54,19,0,,
US,yikes!,unranked,US DO,Pass,,247,Pass,599,,,no,,no,no,yes,2,1,3,top25,,,,,,"pacific, mountain",64,24,6,,
US,apricot,unranked,US MD,Pass,,239,,,,,No,,Yes,,yes,1,2,4,top50,MS,,,,,NE,72,21,3,16,
US,hvyskr,top50,US MD,Pass,,277,,,,,No,,Yes,,Yes,,,,top50,,,,,,,,,,,
US,lolgirly,mid,US MD,Pass,,247,,,,,no,,no,no,no,21,2,4,,,,,,,,35,13,0,,
US,ouch,mid,US MD,Pass,,262,,,,,No,,No,,No,4,3,6,bottom50,,,,,,Midwest/Mountain west,28,16,2,3,0
US,awesomeis,low,US MD,Pass,,240,,,,,No,,Yes,,no,14,4,4,top25,,,,,,"West, Midwest, East coast",33,6,0,,0
US,KnowOne,low,US MD,Pass,,221,,,,,No,,No,No,No,4,4,5,top25,,,,,,"NE, Mid-Atlantic",47,8,0,,2
US,SnooFoxes2290,low,US DO,Pass,,250,Pass,690,,,Yes,,,No,Yes,4,5,5,top25,,,,,,,123,24,4,,
US,YertnTurt,top50,US MD,Pass,,260,,,,,No,,Yes,,No,16,2,3,top25,PhD,,,,,"Pacific, S Atlantic, New England",23,13,0,4,1
US,iruhs,top20,US MD,,257,276,,,,,No,,,,No,16,1,3,,PhD,,,,,,19,17,3,0,0
IMG,AnnieGranger1313,,,Pass,,268,,,,Pathway 3,,,,,,0,2,8,top10,,2024,10,Not certified,Yes,"East N Central, Middle Atlantic, S Atlantic",128,20,,,
IMG,pigskin,,,Pass,,244,,,,Pathway 3,,,,,,0,1,5,top25,,2024,12,certified,Yes,All,150,26,,,
IMG,XYZ,,,,250,250,,,240,Pathway 6,,,,,,0,2,3,top10,,2020,4,Certified,No,All,196,19,,,
IMG,peanut butter,,,Pass,,258,,,237,Pathway 1,,,,,,2,5,2,top10,,2020,10,Certified,No,East + Pacific,170,19,,,
IMG,amdab,,,,249,251,,,,Pathway 1,,,,,,3,0,2,top10,,2022,4,Certified,Yes,East coast,143,23,,,
IMG,midnight,,,Pass,,250,,,,Pathway 6,,,,,,3,1,1,top10,,2022,6,Certified,No,All,150,15,,,
IMG,GUNIT,,,Pass,,254,,,,Pathway 1,,,,,,2,4,1,top10,,2020,3,Certified,No,All,417,22,,,
IMG,Fireart,,,Pass,,263,,,,Pathway 6,,,,,,0,2,2,top10,,2021,7,Certified,No,All,201,14,,,
IMG,fish,,,,232,269,,,254,Pathway 1,,,,,,5,6,3,top10,,2021,2,Certified,Yes,"NE, MA, ENC",130,13,,,
IMG,midnight,,,Pass,,250,,,,Pathway 6,,,,,,3,1,1,top10,,2022,6,Certified,No,All,150,15,,,
IMG,bet,,,,250,265,,,255,Pathway 1,,,,,,3,5,2,bottom50,,2020,5,Certified,Yes,All,145,12,,,
IMG,Ukdoc,,,,265,281,,,266,Pathway 1,,,,,,1,0,0,top10,,2020,4,Certified,Yes,All,68,12,,,
IMG,burrito,,,Pass,,266,,,,Pathway 3,,,,,,4,1,3,top25,,2024,2,Not certified,No,All,148,12,,,
IMG,Pink,,,Pass,,245,,,240,Pathway 1,,,,,,10,0,2,top10,,2018,3,Certified,No,,140,8,,,
IMG,Xavi,,,,249,255,,,227,Pathway 3,,,,,,4,1,3,top10,,2022,6,Certified,Yes,East coast,240,11,,,
IMG,MJ,,,Pass,,249,,,,Pathway 1,,,,,,20,4,3,top10,,2020,4,Certified,Yes,All,103,10,,,
IMG,noname,,,Pass,,270,,,,Pathway 1,,,,,,1,5,1,top10,,2022,2,Certified,Yes,,200,8,,,
IMG,Pakmc,,,,246,246,,,,Pathway 1,,,,,,14,4,2,top10,,2023,5,Certified,Yes,"MA, ENC, SA",297,8,,,
IMG,Shooby,,,Pass,,226,,,,Pathway 3,,,,,,0,2,5,bottom50,,2024,12,Certified,No,East coat,120,8,,,
IMG,JJ,,,,255,260,,,247,Pathway 3,,,,,,11,0,1,top10,,2023,6,Certified,Yes,east,189,11,,,
IMG,RAL,,,Pass,,250,,,232,Pathway 1,,,,,,3,6,2,top10,,2017,15,Certified,No,East,145,8,,,
IMG,levi,,,,260,270,,,258,Pathway 1,,,,,,1,3,2,top10,,2020,6,Certified,Yes,All,120,18,,,
IMG,Stericycle,,,,260,264,,,,Pathway 1,,,,,,3,1,2,top10,,2021,3,Certified,No,"ENC, MA, NE",140,6,,,
IMG,Dr Taco,,,,225,237,,,,Pathway 3,,,,,,2,1,3,top10,,2023,3,Certified,No,"Mountain, WSC, NE",150,11,,,
IMG,Stitches,,,Pass,,246,,,230,Pathway 1,,,,,,0,3,5,top10,,2020,3,Certified,Yes,"ENC, SA, MA",134,5,,,
IMG,TTP,,,Pass,,250,,,,Pathway 6,,,,,,20,2,3,top25,,2021,3,Certified,Yes,East coast,160,10,,,
IMG,Monica Geller,,,,224,249,,,236,Pathway 1,,,,,,40,4,2,top50,,2019,4,Certified,Yes,All,390,8,,,
IMG,MMB,,,,249,260,,,,pathway 1,,,,,,2,1,3,top10,,2022,5,Certified,Yes,"new england, eact north central,wesr north central",186,4,,,
IMG,fptfairy,,,Pass,,245,,,,Pathway 1,,,,,,2,1,1,bottom50,,2023,1,Certified,Yes,All,60,4,,,
IMG,crazybo,,,,249,249,,,,Pathway 3,,,,,,16,2,2,top10,,2023,11,Certified,No,All,145,4,,,
IMG,TheKev,,,,210,230,,,,Pathway 1,,,,,,11,0,3,top25,,2013,5,Certified,No,"MD,TX,FL",90,3,,,
IMG,lynn,,,,235,242,,,,Pathway6,,,,,,0,2,3,top10,,2016,2,Certified,No,,372,3,,,
IMG,RJL,,,,243,241,,,,Pathway 1,,,,,,0,8,8,top10,,2016,2,Certified,No,"West North Central, East North Central, Middle Atlantic",232,3,,,
IMG,Kobe,,,,206,229,,,227,Pathway 1,,,,,,0,2,1,top50,,2018,14,Certified,No,"Pacific, Mountain, Mid atlantic",141,3,,,
IMG,Tuskegee,,,,229,248,,,222,Pathway 1,,,,,,9,3,3,top10,,2019,3,Certified,Yes,All,135,3,,,
IMG,Squirrel,,,,249,250,,,,Pathway 1,,,,,,10,2,2,bottom50,,2020,9,Certified,Yes,"ENC, WNC, MA",168,3,,,
IMG,Bellingham08,,,Pass,,263,,,,Pathway 1,,,,,,12,3,1,top10,,2020,3,Certified,Yes,All,190,10,,,
IMG,stonk,,,,245,260,,,,pathway 2,,,,,,16,5,4,top10,,2022,3,Certified,Yes,east coast,186,3,,,
IMG,MYG,,,Pass,,229,,,,Pathway 1,,,,,,0,2,2,top25,,2022,0,Certified,Yes,"NE, MA, SA",105,3,,,
IMG,WL,,,,251,257,,,,Pathway 3,,,,,,5,1,2,bottom50,,2023,4,Certified,Yes,All,168,7,,,
IMG,caffeine,,,Pass,,242,,,,Pathway 3,,,,,,8,4,10,top10,,2023,3,Certified,Yes,All,270,5,,,
IMG,Loki,,,,250,250,,,,Pathway 1,,,,,,0,4,3,bottom50,,2022,7,Certified,Yes,,185,7,,,
IMG,GreenSriracha,,,Pass,,246,,,,Pathway 1,,,,,,3,10,3,top10,,2003,2,Certified,No,MidSouth,161,2,,,
IMG,lee,,,,249,258,,,,Pathway 1,,,,,,0,2,2,bottom50,,2017,10,Certified,No,All,150,2,,,
IMG,Baklava Monster,,,,200,230,,,220,,,,,,,6,6,7,top10,,2017,10,Certified,Yes,All,202,5,,,
IMG,Big boi,,,,224,256,,,,Pathway 1,,,,,,17,4,3,top10,,2020,8,Certified,Yes,"NE, SA, ENC",415,2,,,
IMG,Puttankinamall,,,Pass,,252,,,,Pathway 1,,,,,,5,3,3,top10,,2020,3,Not certified,No,ALL,80,9,,,
IMG,KaK,,,Pass,,231,,,,Pathway 6,,,,,,7,2,0,bottom50,,2021,24,Certified,No,All,120,6,,,
IMG,Dips,,,Pass,,231,,,,,,,,,,0,4,0,bottom50,,2022,4,Certified,No,"NJ,NY,CT",120,2,,,
IMG,Ozy,,,Pass,,263,,,,Pathway 6,,,,,,0,3,3,top10,,2022,4,Certified,Yes,"East N Central, Middle Atlantic, S Atlantic",200,4,,,
IMG,werty,,,,240,260,,,240,Pathway 1,,,,,,0,0,1,top10,,2022,4,Certified,Yes,All,120,2,,,
IMG,IV please,,,,240,240,,,,Pathway 1,,,,,,4,0,2,top10,,2023,6,Certified,Yes,All,200,2,,,
IMG,difficultkitchen,,,,226,243,,,228,Pathway 6,,,,,,1,,3,top10,,2022,5,Certified,Yes,All,250,2,,,
IMG,StrugglingIMG,,,,256,267,,,247,Pathway 1,,,,,,3,7,3,,,2022,5,Certified,,All,220,2,,,
IMG,El Primero,,,,199,226,,,,Pathway 1,,,,,,0,3,5,bottom50,,2017,55,Certified,No,All,60,1,,,
IMG,DCF,,,,223,245,,,244,Pathway 1,,,,,,2,2,0,,,2019,5,Certified,Yes,All,180,1,,,
IMG,eldian,,,Pass,,226,,,,Pathway 6,,,,,,0,1,3,bottom50,,2020,1,Not certified,No,"Pacific, Mountain, West South Central",101,1,,,
IMG,airbender1,,,,240,240,,,230,Pathway 1,,,,,,7,7,5,top10,,2021,7,Certified,Yes,new eng,200,1,,,
IMG,Pinero,,,Pass,,254,,,,Pathway 1,,,,,,3,1,2,top10,,2021,3,Certified,Yes,All,198,1,,,
IMG,Lily,,,,243,234,,,218,Pathway 1,,,,,,2,6,2,,,2022,7,Certified,Yes,East coast,150,4,,,
IMG,tweety,,,,248,230,,,220,,,,,,,3,2,1,top10,,2022,4,Certified,Yes,,210,1,,,
IMG,tiffin,,,,245,249,,,,Pathway 1,,,,,,2,5,2,top10,,2022,3,Certified,Yes,"NY,MA,TX",243,1,,,
IMG,Mushroom,,,,256,264,,,264,Pathway 1,,,,,,3,4,1,top25,,2022,3,Certified,Yes,All,163,13,,,
IMG,lph,,,Pass,,220,,,220,Pathway 1,,,,,,2,2,3,,,2022,10,Certified,Yes,All,167,1,,,
IMG,negativet,,,Pass,,238,,,,Pathway 3,,,,,,1,1,6,bottom50,,2023,3,Certified,No,east coast,120,1,,,
IMG,GTP,,,,247,261,,,,Pathway 3,,,,,,0,0,5,top10,,2023,2,Certified,Yes,east,155,1,,,
IMG,Sim,,,Pass,,242,,,,Pathway 1,,,,,,0,6,1,top10,,2015,2,Certified,Yes,west coast,114,1,,,
IMG,klr,,,,244,242,,,,Pathway 1,,,,,,1,6,2,top50,,2020,8,Certified,Yes,All,123,0,,,
IMG,AnnaB,,,Pass,,241,,,,Pathway 1,,,,,,2,4,2,top50,,2020,2,Certified,Yes,All,230,0,,,
IMG,MToto,,,,260,267,,,,Pathway 1,,,,,,7,4,3,bottom50,,2020,2,Certified,Yes,,130,1,,,
IMG,Jar,,,,223,228,,,,Pathway 1,,,,,,4,1,1,,,2022,7,Certified,Yes,All,189,0,,,
IMG,ABCD,,,,235,231,,,226,Pathway 1,,,,,,9,4,4,,,2022,8,Certified,Yes,All,211,0,,,
IMG,OK,,,Pass,,250,,,,Pathway 1,,,,,,0,4,2,,,2023,3,Certified,Yes,All,200,0,,,
IMG,NAT,,,Pass,,251,,,,Pathway 1,,,,,,9,10,2,top10,,2006,2,Certified,No,Pacific,100,,,,
IMG,Mamma13,,,,205,224,,,,,,,,,,4,2,1,,,2012,0,,No,New England,29,,,,
IMG,cat,,,Pass,,241,,,,Pathway 1,,,,,,4,7,3,top10,,2017,12,Certified,Yes,All,,,,,
IMG,MatchyMatch24,,,Pass,,243,,,,Pathway 1,,,,,,1,3,3,top10,,2017,5,Certified,No,All,245,3,,,
IMG,GoldenJaguar,,,,250,257,,,245,Pathway 6,,,,,,8,5,5,bottom50,,2018,6,Certified,Yes,All,230,,,,
IMG,haaland,,,,222,226,,,220,Pathway 3,,,,,,0,5,1,bottom50,,2018,10,Certified,No,All,160,,,,
IMG,WULF,,,Pass,,245,,,,Pathway 6,,,,,,0,7,1,,,2018,,Certified,No,OH,112,2,,,
IMG,Daisy,,,Pass,,247,,,225,Pathway 6,,,,,,7,0,4,top50,,2019,6,Certified,Yes,,220,,,,
IMG,keesu,,,Pass,,251,,,241,Pathway 1,,,,,,3,5,4,top10,,2019,7,Certified,Yes,east,61,,,,
IMG,Stickitodamaniosis,,,,245,253,,,,pathway 6,,,,,,0,4,4,top10,,2019,2,Certified,Yes,East coast,197,,,,
IMG,chunky,,,,228,242,,,226,Pathway 1,,,,,,4,5,3,bottom50,,2019,9,Certified,Yes,East coast,163,,,,
IMG,lololl,,,,239,241,,,,pathway 6,,,,,,4,4,3,,,2019,5,Certified,Yes,All,130,,,,
IMG,Vee,,,,222,249,,,228,Pathway 1,,,,,,0,8,2,,,2019,8,Certified,Yes,All,197,,,,
IMG,Shank,,,Pass,,252,,,,pathway 1,,,,,,1,4,1,,,2019,2,Certified,Yes,All,170,,,,
IMG,Nani,,,,240,261,,,223,Pathway 1,,,,,,32,7,2,,,2019,4,Certified,Yes,"ENC, SA, MA",227,,,,
IMG,Marwashington,,,Pass,,224,,,,pathway 1,,,,,,0,6,2,,,2019,0,Certified,Yes,mountain Pacific,48,,,,
IMG,Match 24,,,,229,256,,,238,Pathway 1,,,,,,4,3,2,bottom50,,2020,7,Certified,Yes,All,159,,,,
IMG,MS,,,Pass,,252,,,,Pathway 1,,,,,,1,3,2,bottom50,,2020,0,Certified,Yes,All,110,,,,
IMG,Hippo,,,,246,253,,,221,Pathway 1,,,,,,10,3,1,bottom50,,2020,8,Certified,Yes,All,216,,,,
IMG,leo de janero,,,Pass,,250,,,,Pathway 1,,,,,,7,6,3,bottom50,,2020,3,Certified,Yes,All,220,,,,
IMG,dawgoo,,,,238,249,,,243,pathway 6,,,,,,1,4,2,,,2020,3,Certified,Yes,east coast,180,,,,
IMG,JVP,,,,224,228,,,,Pathway 1,,,,,,3,3,3,top10,,2020,5,Certified,Yes,All,120,,,,
IMG,seven,,,Pass,,253,,,,pathway 1,,,,,,4,2,2,top10,,2020,3,Certified,Yes,All,218,,,,
IMG,takemeoutofkhi,,,Pass,,254,,,244,pathway 1,,,,,,9,3,2,top25,,2021,3,Certified,Yes,All,148,,,,
IMG,tarkanatilkurt,,,,232,240,,,,pathway 1,,,,,,4,4,2,bottom50,,2021,2,Certified,Yes,All,174,,,,
IMG,C3p0,,,Pass,,240,,,,Pathway 6,,,,,,0,1,4,bottom50,,2021,3,Certified,No,East coast,167,,,,
IMG,yigido_58,,,,230,250,,,,Pathway 1,,,,,,0,1,0,bottom50,,2021,2,Certified,Yes,All,182,,,,
IMG,Hassan,,,,261,274,,,,Pathway 1,,,,,,0,3,2,bottom50,,2021,4,Certified,Yes,All,200,,,,
IMG,USA24,,,Pass,,217,,,,pathway 3,,,,,,3,5,2,,,2021,3,Certified,Yes,,115,,,,
IMG,abcd,,,,236,263,,,242,pathway 2,,,,,,4,3,3,top10,,2021,3,Certified,Yes,east coast,123,,,,
IMG,Thymus,,,,250,252,,,,Pathway 1,,,,,,0,4,3,bottom50,,2022,3,Certified,Yes,,97,,,,
IMG,PTK,,,,230,231,,,,Pathway 1,,,,,,0,8,1,bottom50,,2022,7,Certified,No,All,250,,,,
IMG,NKM,,,Pass,,262,,,,Pathway 1,,,,,,1,2,4,bottom50,,2022,6,Certified,Yes,All,200,,,,
IMG,kakarot,,,,256,263,,,,Pathway 1,,,,,,4,1,1,bottom50,,2022,4,Certified,Yes,All,150,,,,
IMG,Bubble,,,Pass,,218,,,213,pathway 2,,,,,,3,4,0,,,2022,5,Certified,Yes,,204,,,,
IMG,Ninja,,,Pass,,256,,,,pathway 6,,,,,,4,2,2,,,2022,1,Certified,No,West coast,128,,,,
IMG,Char,,,Pass,,274,,,,pathway 1,,,,,,4,5,7,,,2022,4,Certified,No,east coast,300,,,,
IMG,Crazy,,,,205,252,,,,pathway 1,,,,,,0,1,1,top10,,2022,6,Certified,Yes,All,200,,,,
IMG,bendtner,,,,267,275,,,,pathway 3,,,,,,5,4,2,top10,,2022,4,Certified,Yes,All,160,8,,,
IMG,BullfrogInLove,,,,247,275,,,,pathway 1,,,,,,2,1,2,top10,,2022,3,Certified,Yes,All,177,,,,
IMG,Double J stent,,,,252,246,,,,Pathway 1,,,,,,3,1,3,top10,,2022,2,Certified,Yes,All,145,,,,
IMG,LBJ,,,,210,256,,,,Pathway 3,,,,,,10,4,5,bottom50,,2023,24,Certified,Yes,All,200,,,,
IMG,Boyle,,,,220,240,,,,Pathway 1,,,,,,9,4,3,bottom50,,2023,3,Certified,Yes,All,250,,,,
IMG,daisy,,,,255,262,,,,Pathway 3,,,,,,4,3,2,,,2023,6,Certified,No,All,190,,,,
IMG,Airplane2498,,,,254,263,,,,Pathway 1,,,,,,8,2,,,,2023,4,Certified,Yes,,,,,,
IMG,yaszven,,,,238,269,,,,pathway 1,,,,,,1,2,2,,,2023,3,Certified,Yes,All,100,6,,,
IMG,Till the afterglow,,,,251,269,,,,Pathway 1,,,,,,5,1,5,top10,,2023,3,Certified,Yes,All,206,,,,
IMG,EdiLee,,,,269,278,,,,Pathway 3,,,,,,0,0,3,top10,,2023,3,Certified,No,All,275,,,,
IMG,CRC,,,,237,252,,,,Pathway 3,,,,,,0,5,5,top10,,2024,,Not certified,Yes,,150,,,,
IMG,commonman,,,Pass,,247,,,,Pathway 2,,,,,,1,2,1,bottom50,,2024,2,Not certified,Yes,All,98,,,,
IMG,famousrock,,,Pass,,274,,,259,Pathway 1,,,,,,2,3,1,bottom50,,2020,3,Certified,Yes,All,160,6,,,
IMG,Parsleypops,,,,242,253,,,237,Pathway 1,,,,,,3,2,3,bottom50,,2021,5,Certified,Yes,"NA, ENC, WNC",177,5,,,
IMG,AZN,,,,210,235,,,,,,,,,,2,4,6,top25,,2022,,Certified,No,north atlantic,102,9,,,
IMG,GS,,,Pass,,248,,,228,Pathway 1,,,,,,15,2,3,top10,,2015,4,Certified,No,"NY,MA,TX",495,15,,,
IMG,CVS,,,Pass,,250,,,,pathway 1,,,,,,1,2,3,top10,,2019,4,certified,yes,"NY,TX,MS",214,4,,,
IMG,KYHU,,,Pass,,270,,,,Pathway 1,,,,,,5,1,1,top10,,2021,4,certified,Yes,"South Atlantic, East North Central, Middle Atlantic",120,27,,,
IMG,G,,,Pass,,230,,,,Pathway 1,,,,,,3,3,1,top10,,2021,1,certified,Yes,All,191,3,,,
IMG,Sert,,,,220,250,,,,Pathway 2,,,,,,2,4,3,,,2023,5,Certified,Yes,All,180,2,,,
IMG,Xu,,,,232,249,,,228,Pathway 1,,,,,,11,4,14,,,2021,8,Certified,No,"Midwest, NY, FL",100,16,,,
IMG,d,,,Pass,,214,,,221,,,,,,,15,5,5,top10,,2015,5,Certified,Yes,all,20,2,,,
IMG,Shasha,,,,224,241,,,224,pathway 1,,,,,,2,5,3,top10,,2023,4,Certified,Yes,"Midwest,south atlantic and NY",183,2,,,
IMG,ItIsWhatItIs,,,Pass,,237,,,,Pathway 3,,,,,,8,3,3,top25,,2024,,Certified,No,South East,112,24,,,